<?xml version="1.0"?>
<!--<!DOCTYPE metadata SYSTEM "http://www.esri.com/metadata/esriprof80.dtd">-->
<metadata xml:lang="en"><Esri><CreaDate>20161216</CreaDate><CreaTime>11072800</CreaTime><SyncOnce>TRUE</SyncOnce><DataProperties><lineage><Process ToolSource="D:\ArcGIS\ArcToolbox\Toolboxes\Data Management Tools.tbx\DeleteFeatures" Date="20121105" Time="175659">DeleteFeatures "Database Connections\gdm@pdn4.sde\GDM.LTALayers\GDM.ArrowMarking" "Database Connections\gdm@pdn4.sde\GDM.LTALayers\GDM.ArrowMarking"</Process><Process ToolSource="D:\ArcGIS\ArcToolbox\Toolboxes\Data Management Tools.tbx\AddField" Date="20140801" Time="195257">AddField D:\Data\GDMPDN4.sde\GDM.LTALayers\GDM.ArrowMarking REMARKS TEXT # # 200 Remarks NULLABLE NON_REQUIRED # D:\Data\GDMPDN4.sde\GDM.LTALayers\GDM.ArrowMarking</Process><Process ToolSource="D:\ArcGIS\ArcToolbox\Toolboxes\Data Management Tools.tbx\DeleteFeatures" Date="20140804" Time="095900">DeleteFeatures "D:\DATA\Connection to GDM PDN4.sde\GDM.LTALayers\GDM.ArrowMarking" "D:\DATA\Connection to GDM PDN4.sde\GDM.LTALayers\GDM.ArrowMarking"</Process></lineage></DataProperties><MetaID>{090BA24F-B951-4DBA-9E4A-B105D75088EE}</MetaID></Esri><idinfo><citation><citeinfo><onlink Sync="TRUE"></onlink></citeinfo></citation></idinfo><distInfo><distributor><distorTran><onLineSrc><linkage Sync="TRUE">file://</linkage><protocol Sync="TRUE">Local Area Network</protocol></onLineSrc></distorTran></distributor></distInfo><dataqual><lineage><procstep><procdesc Sync="TRUE">Dataset copied.</procdesc><srcused Sync="TRUE">Server=HUPA19; Service=5181; User=GDM; Version=SDE.DEFAULT</srcused><procdate Sync="TRUE">20161216</procdate><proctime Sync="TRUE">11072800</proctime></procstep></lineage></dataqual></metadata>
