<?xml version="1.0"?>
<!--<!DOCTYPE metadata SYSTEM "http://www.esri.com/metadata/esriprof80.dtd">-->
<metadata xml:lang="en"><Esri><CreaDate>20161216</CreaDate><CreaTime>15062700</CreaTime><SyncOnce>TRUE</SyncOnce><DataProperties><lineage><Process ToolSource="D:\ArcGIS\ArcToolbox\Toolboxes\Data Management Tools.tbx\DeleteFeatures" Date="20121105" Time="181335">DeleteFeatures "Database Connections\gdm@pdn4.sde\GDM.LTALayers\GDM.PassengerPickupBay" "Database Connections\gdm@pdn4.sde\GDM.LTALayers\GDM.PassengerPickupBay"</Process><Process ToolSource="D:\ArcGIS\ArcToolbox\Toolboxes\Data Management Tools.tbx\AddField" Date="20140801" Time="195445">AddField D:\Data\GDMPDN4.sde\GDM.LTALayers\GDM.PassengerPickupBay REMARKS TEXT # # 200 Remarks NULLABLE NON_REQUIRED # D:\Data\GDMPDN4.sde\GDM.LTALayers\GDM.PassengerPickupBay</Process></lineage></DataProperties><MetaID>{85FC8E71-C774-48D2-BF93-D130A3A970F3}</MetaID></Esri><idinfo><citation><citeinfo><onlink Sync="TRUE"></onlink></citeinfo></citation></idinfo><distInfo><distributor><distorTran><onLineSrc><linkage Sync="TRUE">file://</linkage><protocol Sync="TRUE">Local Area Network</protocol></onLineSrc></distorTran></distributor></distInfo><dataqual><lineage><procstep><procdesc Sync="TRUE">Dataset copied.</procdesc><srcused Sync="TRUE">Server=HUPA19; Service=5181; User=GDM; Version=SDE.DEFAULT</srcused><procdate Sync="TRUE">20161216</procdate><proctime Sync="TRUE">15062700</proctime></procstep></lineage></dataqual></metadata>
