<?xml version="1.0"?>
<!--<!DOCTYPE metadata SYSTEM "http://www.esri.com/metadata/esriprof80.dtd">-->
<metadata xml:lang="en"><Esri><CreaDate>20161216</CreaDate><CreaTime>11143400</CreaTime><SyncOnce>FALSE</SyncOnce><DataProperties><lineage><Process ToolSource="D:\ArcGIS\ArcToolbox\Toolboxes\Data Management Tools.tbx\DeleteFeatures" Date="20121105" Time="181414">DeleteFeatures "Database Connections\gdm@pdn4.sde\GDM.LTALayers\GDM.PedestrainOverheadbridge" "Database Connections\gdm@pdn4.sde\GDM.LTALayers\GDM.PedestrainOverheadbridge"</Process><Process ToolSource="D:\ArcGIS\ArcToolbox\Toolboxes\Data Management Tools.tbx\AddField" Date="20140801" Time="195449">AddField D:\Data\GDMPDN4.sde\GDM.LTALayers\GDM.PedestrainOverheadbridge REMARKS TEXT # # 200 Remarks NULLABLE NON_REQUIRED # D:\Data\GDMPDN4.sde\GDM.LTALayers\GDM.PedestrainOverheadbridge</Process><Process ToolSource="D:\ArcGIS\ArcToolbox\Toolboxes\Conversion Tools.tbx\FeatureClassToFeatureClass" Date="20140801" Time="203659">FeatureClassToFeatureClass D:\DATA\GDMPDN4.sde\GDM.LTALayers\GDM.PedestrainOverheadbridge D:\DATA\CyclePath_Prod.mdb PedestrainOverheadbridge # "JOB_NUM 'Job ID' true false false 20 Text 0 0 ,First,#,D:\DATA\GDMPDN4.sde\GDM.LTALayers\GDM.PedestrainOverheadbridge,JOB_NUM,-1,-1;TYP_CD 'Type of Feature' true false false 4 Text 0 0 ,First,#,D:\DATA\GDMPDN4.sde\GDM.LTALayers\GDM.PedestrainOverheadbridge,TYP_CD,-1,-1;LVL_NUM 'Level of Road' true false false 2 Short 0 4 ,First,#,D:\DATA\GDMPDN4.sde\GDM.LTALayers\GDM.PedestrainOverheadbridge,LVL_NUM,-1,-1;BRDG_NUM 'Bridge No' true false false 20 Text 0 0 ,First,#,D:\DATA\GDMPDN4.sde\GDM.LTALayers\GDM.PedestrainOverheadbridge,BRDG_NUM,-1,-1;SHLTR_IND 'Shelter Indicator' true false false 1 Text 0 0 ,First,#,D:\DATA\GDMPDN4.sde\GDM.LTALayers\GDM.PedestrainOverheadbridge,SHLTR_IND,-1,-1;RD_CD 'Road Code-Name' true false false 6 Text 0 0 ,First,#,D:\DATA\GDMPDN4.sde\GDM.LTALayers\GDM.PedestrainOverheadbridge,RD_CD,-1,-1;MIN_HT_NUM 'Minimum Height (m)' true true false 8 Double 3 8 ,First,#,D:\DATA\GDMPDN4.sde\GDM.LTALayers\GDM.PedestrainOverheadbridge,MIN_HT_NUM,-1,-1;PKG_REF 'Attachment Folder' true true false 50 Text 0 0 ,First,#,D:\DATA\GDMPDN4.sde\GDM.LTALayers\GDM.PedestrainOverheadbridge,PKG_REF,-1,-1;EXCEPTION_IND 'Exception Indicator' true true false 1 Text 0 0 ,First,#,D:\DATA\GDMPDN4.sde\GDM.LTALayers\GDM.PedestrainOverheadbridge,EXCEPTION_IND,-1,-1;LAST_UPD_USRID_NUM 'Last Update User ID' true false false 8 Text 0 0 ,First,#,D:\DATA\GDMPDN4.sde\GDM.LTALayers\GDM.PedestrainOverheadbridge,LAST_UPD_USRID_NUM,-1,-1;LAST_UPD_DTTM 'Last Update Date' true false false 36 Date 0 0 ,First,#,D:\DATA\GDMPDN4.sde\GDM.LTALayers\GDM.PedestrainOverheadbridge,LAST_UPD_DTTM,-1,-1;CRT_USRID_NUM 'Create User ID' true false false 8 Text 0 0 ,First,#,D:\DATA\GDMPDN4.sde\GDM.LTALayers\GDM.PedestrainOverheadbridge,CRT_USRID_NUM,-1,-1;CRT_DTTM 'Create Date' true false false 36 Date 0 0 ,First,#,D:\DATA\GDMPDN4.sde\GDM.LTALayers\GDM.PedestrainOverheadbridge,CRT_DTTM,-1,-1;REMARKS 'Remarks' true true false 200 Text 0 0 ,First,#,D:\DATA\GDMPDN4.sde\GDM.LTALayers\GDM.PedestrainOverheadbridge,REMARKS,-1,-1;SHAPE_AREA 'SHAPE_AREA' false false true 0 Double 0 0 ,First,#,D:\DATA\GDMPDN4.sde\GDM.LTALayers\GDM.PedestrainOverheadbridge,SHAPE.AREA,-1,-1;SHAPE_LEN 'SHAPE_LEN' false false true 0 Double 0 0 ,First,#,D:\DATA\GDMPDN4.sde\GDM.LTALayers\GDM.PedestrainOverheadbridge,SHAPE.LEN,-1,-1" # D:\DATA\CyclePath_Prod.mdb\PedestrainOverheadbridge</Process><Process ToolSource="D:\ArcGIS\ArcToolbox\Toolboxes\Conversion Tools.tbx\FeatureClassToFeatureClass" Date="20140801" Time="204845">FeatureClassToFeatureClass "D:\DATA\New Folder (2)\CyclePath_Prod.mdb\PedestrainOverheadbridge" D:\DATA\GDMPDN4.sde\GDM.LTALayers PedestrainOverheadbridge # "JOB_NUM 'Job ID' true false false 20 Text 0 0 ,First,#,D:\DATA\New Folder (2)\CyclePath_Prod.mdb\PedestrainOverheadbridge,JOB_NUM,-1,-1;TYP_CD 'Type of Feature' true false false 4 Text 0 0 ,First,#,D:\DATA\New Folder (2)\CyclePath_Prod.mdb\PedestrainOverheadbridge,TYP_CD,-1,-1;LVL_NUM 'Level of Road' true false false 2 Short 0 0 ,First,#,D:\DATA\New Folder (2)\CyclePath_Prod.mdb\PedestrainOverheadbridge,LVL_NUM,-1,-1;BRDG_NUM 'Bridge No' true false false 20 Text 0 0 ,First,#,D:\DATA\New Folder (2)\CyclePath_Prod.mdb\PedestrainOverheadbridge,BRDG_NUM,-1,-1;SHLTR_IND 'Shelter Indicator' true false false 1 Text 0 0 ,First,#,D:\DATA\New Folder (2)\CyclePath_Prod.mdb\PedestrainOverheadbridge,SHLTR_IND,-1,-1;RD_CD 'Road Code-Name' true false false 6 Text 0 0 ,First,#,D:\DATA\New Folder (2)\CyclePath_Prod.mdb\PedestrainOverheadbridge,RD_CD,-1,-1;MIN_HT_NUM 'Minimum Height (m)' true true false 8 Double 0 0 ,First,#,D:\DATA\New Folder (2)\CyclePath_Prod.mdb\PedestrainOverheadbridge,MIN_HT_NUM,-1,-1;BCYL_WHL_RAMP 'BCYL_WHL_RAMP' true true false 2 Text 0 0 ,First,#,D:\DATA\New Folder (2)\CyclePath_Prod.mdb\PedestrainOverheadbridge,BCYL_WHL_RAMP,-1,-1;PKG_REF 'Attachment Folder' true true false 50 Text 0 0 ,First,#,D:\DATA\New Folder (2)\CyclePath_Prod.mdb\PedestrainOverheadbridge,PKG_REF,-1,-1;EXCEPTION_IND 'Exception Indicator' true true false 1 Text 0 0 ,First,#,D:\DATA\New Folder (2)\CyclePath_Prod.mdb\PedestrainOverheadbridge,EXCEPTION_IND,-1,-1;LAST_UPD_USRID_NUM 'Last Update User ID' true false false 8 Text 0 0 ,First,#,D:\DATA\New Folder (2)\CyclePath_Prod.mdb\PedestrainOverheadbridge,LAST_UPD_USRID_NUM,-1,-1;LAST_UPD_DTTM 'Last Update Date' true false false 8 Date 0 0 ,First,#,D:\DATA\New Folder (2)\CyclePath_Prod.mdb\PedestrainOverheadbridge,LAST_UPD_DTTM,-1,-1;CRT_USRID_NUM 'Create User ID' true false false 8 Text 0 0 ,First,#,D:\DATA\New Folder (2)\CyclePath_Prod.mdb\PedestrainOverheadbridge,CRT_USRID_NUM,-1,-1;CRT_DTTM 'Create Date' true false false 8 Date 0 0 ,First,#,D:\DATA\New Folder (2)\CyclePath_Prod.mdb\PedestrainOverheadbridge,CRT_DTTM,-1,-1;REMARKS 'Remarks' true true false 200 Text 0 0 ,First,#,D:\DATA\New Folder (2)\CyclePath_Prod.mdb\PedestrainOverheadbridge,REMARKS,-1,-1;Shape_Length 'Shape_Length' false true true 8 Double 0 0 ,First,#,D:\DATA\New Folder (2)\CyclePath_Prod.mdb\PedestrainOverheadbridge,Shape_Length,-1,-1;Shape_Area 'Shape_Area' false true true 8 Double 0 0 ,First,#,D:\DATA\New Folder (2)\CyclePath_Prod.mdb\PedestrainOverheadbridge,Shape_Area,-1,-1" # D:\DATA\GDMPDN4.sde\GDM.LTALayers\GDM.PedestrainOverheadbridge</Process></lineage></DataProperties><SyncDate>20140916</SyncDate><SyncTime>17081800</SyncTime><ModDate>20140916</ModDate><ModTime>17081800</ModTime><MetaID>{CF762D6C-BE1F-457E-B410-62119CC82B85}</MetaID></Esri><idinfo><native Sync="TRUE">Microsoft Windows Vista Version 6.0 (Build 6002) Service Pack 2; ESRI ArcCatalog 9.3.1.3000</native><descript><langdata Sync="TRUE">en</langdata><abstract>REQUIRED: A brief narrative summary of the data set.</abstract><purpose>REQUIRED: A summary of the intentions with which the data set was developed.</purpose></descript><citation><citeinfo><origin>REQUIRED: The name of an organization or individual that developed the data set.</origin><pubdate>REQUIRED: The date when the data set is published or otherwise made available for release.</pubdate><title Sync="TRUE">GDM.PedestrainOverheadbridge</title><ftname Sync="TRUE">GDM.PedestrainOverheadbridge</ftname><geoform Sync="TRUE">vector digital data</geoform><onlink Sync="TRUE"></onlink></citeinfo></citation><timeperd><current>REQUIRED: The basis on which the time period of content information is determined.</current><timeinfo><sngdate><caldate>REQUIRED: The year (and optionally month, or month and day) for which the data set corresponds to the ground.</caldate></sngdate></timeinfo></timeperd><status><progress>REQUIRED: The state of the data set.</progress><update>REQUIRED: The frequency with which changes and additions are made to the data set after the initial data set is completed.</update></status><spdom><bounding><westbc Sync="TRUE">103.670615</westbc><eastbc Sync="TRUE">103.977561</eastbc><northbc Sync="TRUE">1.455146</northbc><southbc Sync="TRUE">1.264210</southbc></bounding><lboundng><leftbc Sync="TRUE">9893.743163</leftbc><rightbc Sync="TRUE">44051.878907</rightbc><bottombc Sync="TRUE">27416.003628</bottombc><topbc Sync="TRUE">48528.140621</topbc></lboundng></spdom><keywords><theme><themekt>REQUIRED: Reference to a formally registered thesaurus or a similar authoritative source of theme keywords.</themekt><themekey>REQUIRED: Common-use word or phrase used to describe the subject of the data set.</themekey></theme></keywords><accconst>REQUIRED: Restrictions and legal prerequisites for accessing the data set.</accconst><useconst>REQUIRED: Restrictions and legal prerequisites for using the data set after access is granted.</useconst><natvform Sync="TRUE">SDE Feature Class</natvform></idinfo><dataIdInfo><envirDesc Sync="TRUE">Microsoft Windows Vista Version 6.0 (Build 6002) Service Pack 2; ESRI ArcCatalog 9.3.1.3000</envirDesc><dataLang><languageCode Sync="TRUE" value="en"></languageCode></dataLang><idCitation><resTitle Sync="TRUE">GDM.PedestrainOverheadbridge</resTitle><presForm><PresFormCd Sync="TRUE" value="005"></PresFormCd></presForm></idCitation><spatRpType><SpatRepTypCd Sync="TRUE" value="001"></SpatRepTypCd></spatRpType><dataExt><geoEle><GeoBndBox esriExtentType="native"><westBL Sync="TRUE">9893.743163</westBL><eastBL Sync="TRUE">44051.878907</eastBL><northBL Sync="TRUE">48528.140621</northBL><southBL Sync="TRUE">27416.003628</southBL><exTypeCode Sync="TRUE">1</exTypeCode></GeoBndBox></geoEle></dataExt><geoBox esriExtentType="decdegrees"><westBL Sync="TRUE">103.670615</westBL><eastBL Sync="TRUE">103.977561</eastBL><northBL Sync="TRUE">1.455146</northBL><southBL Sync="TRUE">1.26421</southBL><exTypeCode Sync="TRUE">1</exTypeCode></geoBox></dataIdInfo><metainfo><langmeta Sync="TRUE">en</langmeta><metstdn Sync="TRUE">FGDC Content Standards for Digital Geospatial Metadata</metstdn><metstdv Sync="TRUE">FGDC-STD-001-1998</metstdv><mettc Sync="TRUE">local time</mettc><metc><cntinfo><cntorgp><cntper>REQUIRED: The person responsible for the metadata information.</cntper><cntorg>REQUIRED: The organization responsible for the metadata information.</cntorg></cntorgp><cntaddr><addrtype>REQUIRED: The mailing and/or physical address for the organization or individual.</addrtype><city>REQUIRED: The city of the address.</city><state>REQUIRED: The state or province of the address.</state><postal>REQUIRED: The ZIP or other postal code of the address.</postal></cntaddr><cntvoice>REQUIRED: The telephone number by which individuals can speak to the organization or individual.</cntvoice></cntinfo></metc><metd Sync="TRUE">20140916</metd><metextns><onlink Sync="TRUE">http://www.esri.com/metadata/esriprof80.html</onlink><metprof Sync="TRUE">ESRI Metadata Profile</metprof></metextns></metainfo><mdLang><languageCode Sync="TRUE" value="en"></languageCode></mdLang><mdStanName Sync="TRUE">ISO 19115 Geographic Information - Metadata</mdStanName><mdStanVer Sync="TRUE">DIS_ESRI1.0</mdStanVer><mdChar><CharSetCd Sync="TRUE" value="004"></CharSetCd></mdChar><mdHrLv><ScopeCd Sync="TRUE" value="005"></ScopeCd></mdHrLv><mdHrLvName Sync="TRUE">dataset</mdHrLvName><distinfo><resdesc Sync="TRUE">Downloadable Data</resdesc></distinfo><distInfo><distributor><distorTran><onLineSrc><orDesc Sync="TRUE">002</orDesc><linkage Sync="TRUE">file://</linkage><protocol Sync="TRUE">Local Area Network</protocol></onLineSrc></distorTran><distorFormat><formatName Sync="TRUE">SDE Feature Class</formatName></distorFormat></distributor></distInfo><spdoinfo><direct Sync="TRUE">Vector</direct><ptvctinf><esriterm Name="GDM.PedestrainOverheadbridge"><efeatyp Sync="TRUE">Simple</efeatyp><efeageom Sync="TRUE">Polygon</efeageom><esritopo Sync="TRUE">TRUE</esritopo><efeacnt Sync="TRUE">684</efeacnt><spindex Sync="TRUE">TRUE</spindex><linrefer Sync="TRUE">FALSE</linrefer><XYRank Sync="TRUE">1</XYRank><ZRank Sync="TRUE">1</ZRank><topoWeight Sync="TRUE">5.000000</topoWeight><validateEvents Sync="TRUE">FALSE</validateEvents><partTopoRules><topoRuleID Sync="TRUE">105</topoRuleID></partTopoRules></esriterm><sdtsterm Name="GDM.PedestrainOverheadbridge"><sdtstype Sync="TRUE">G-polygon</sdtstype><ptvctcnt Sync="TRUE">684</ptvctcnt></sdtsterm></ptvctinf></spdoinfo><spref><horizsys><cordsysn><geogcsn Sync="TRUE">GCS_WGS_1984</geogcsn><projcsn Sync="TRUE">SVY21</projcsn></cordsysn><planar><planci><plance Sync="TRUE">coordinate pair</plance><plandu Sync="TRUE">meters</plandu><coordrep><absres Sync="TRUE">0.000007</absres><ordres Sync="TRUE">0.000007</ordres></coordrep></planci><mapproj><mapprojn Sync="TRUE">Transverse Mercator</mapprojn><transmer><sfctrmer Sync="TRUE">1.000000</sfctrmer><longcm Sync="TRUE">103.833333</longcm><latprjo Sync="TRUE">1.366667</latprjo><feast Sync="TRUE">28001.642000</feast><fnorth Sync="TRUE">38744.572000</fnorth></transmer></mapproj></planar><geodetic><horizdn Sync="TRUE">D_WGS_1984</horizdn><ellips Sync="TRUE">WGS_1984</ellips><semiaxis Sync="TRUE">6378137.000000</semiaxis><denflat Sync="TRUE">298.257224</denflat></geodetic></horizsys><vertdef><altsys><altenc Sync="TRUE">Explicit elevation coordinate included with horizontal coordinates</altenc><altres Sync="TRUE">1.000000</altres></altsys></vertdef></spref><refSysInfo><RefSystem><refSysID><identCode Sync="TRUE">SVY21</identCode></refSysID></RefSystem></refSysInfo><spatRepInfo><VectSpatRep><topLvl><TopoLevCd Sync="TRUE" value="001"></TopoLevCd></topLvl><geometObjs Name="GDM.PedestrainOverheadbridge"><geoObjTyp><GeoObjTypCd Sync="TRUE" value="001"></GeoObjTypCd></geoObjTyp><geoObjCnt Sync="TRUE">684</geoObjCnt></geometObjs></VectSpatRep></spatRepInfo><eainfo><detailed Name="GDM.PedestrainOverheadbridge"><enttyp><enttypl Sync="TRUE">GDM.PedestrainOverheadbridge</enttypl><enttypt Sync="TRUE">Feature Class</enttypt><enttypc Sync="TRUE">684</enttypc></enttyp><attr><attrlabl Sync="TRUE">OBJECTID</attrlabl><attalias Sync="TRUE">OBJECTID</attalias><attrtype Sync="TRUE">OID</attrtype><attwidth Sync="TRUE">4</attwidth><atprecis Sync="TRUE">10</atprecis><attscale Sync="TRUE">0</attscale><attrdef Sync="TRUE">Internal feature number.</attrdef><attrdefs Sync="TRUE">ESRI</attrdefs><attrdomv><udom Sync="TRUE">Sequential unique whole numbers that are automatically generated.</udom></attrdomv></attr><attr><attrlabl Sync="TRUE">Shape</attrlabl><attalias Sync="TRUE">Shape</attalias><attrtype Sync="TRUE">Geometry</attrtype><attwidth Sync="TRUE">4</attwidth><atprecis Sync="TRUE">0</atprecis><attscale Sync="TRUE">0</attscale><attrdef Sync="TRUE">Feature geometry.</attrdef><attrdefs Sync="TRUE">ESRI</attrdefs><attrdomv><udom Sync="TRUE">Coordinates defining the features.</udom></attrdomv></attr><attr><attrlabl Sync="TRUE">JOB_NUM</attrlabl><attalias Sync="TRUE">Job ID</attalias><attrtype Sync="TRUE">String</attrtype><attwidth Sync="TRUE">20</attwidth><atprecis Sync="TRUE">0</atprecis><attscale Sync="TRUE">0</attscale></attr><attr><attrlabl Sync="TRUE">TYP_CD</attrlabl><attalias Sync="TRUE">Type of Feature</attalias><attrtype Sync="TRUE">String</attrtype><attwidth Sync="TRUE">4</attwidth><atprecis Sync="TRUE">0</atprecis><attscale Sync="TRUE">0</attscale></attr><attr><attrlabl Sync="TRUE">LVL_NUM</attrlabl><attalias Sync="TRUE">Level of Road</attalias><attrtype Sync="TRUE">SmallInteger</attrtype><attwidth Sync="TRUE">2</attwidth><atprecis Sync="TRUE">5</atprecis><attscale Sync="TRUE">0</attscale></attr><attr><attrlabl Sync="TRUE">BRDG_NUM</attrlabl><attalias Sync="TRUE">Bridge No</attalias><attrtype Sync="TRUE">String</attrtype><attwidth Sync="TRUE">20</attwidth><atprecis Sync="TRUE">0</atprecis><attscale Sync="TRUE">0</attscale></attr><attr><attrlabl Sync="TRUE">SHLTR_IND</attrlabl><attalias Sync="TRUE">Shelter Indicator</attalias><attrtype Sync="TRUE">String</attrtype><attwidth Sync="TRUE">1</attwidth><atprecis Sync="TRUE">0</atprecis><attscale Sync="TRUE">0</attscale></attr><attr><attrlabl Sync="TRUE">RD_CD</attrlabl><attalias Sync="TRUE">Road Code-Name</attalias><attrtype Sync="TRUE">String</attrtype><attwidth Sync="TRUE">6</attwidth><atprecis Sync="TRUE">0</atprecis><attscale Sync="TRUE">0</attscale></attr><attr><attrlabl Sync="TRUE">BCYL_WHL_RAMP</attrlabl><attalias Sync="TRUE">BCYL_WHL_RAMP</attalias><attrtype Sync="TRUE">String</attrtype><attwidth Sync="TRUE">2</attwidth><atprecis Sync="TRUE">0</atprecis><attscale Sync="TRUE">0</attscale></attr><attr><attrlabl Sync="TRUE">MIN_HT_NUM</attrlabl><attalias Sync="TRUE">Minimum Height (m)</attalias><attrtype Sync="TRUE">Double</attrtype><attwidth Sync="TRUE">8</attwidth><atprecis Sync="TRUE">38</atprecis><attscale Sync="TRUE">8</attscale></attr><attr><attrlabl Sync="TRUE">PKG_REF</attrlabl><attalias Sync="TRUE">Attachment Folder</attalias><attrtype Sync="TRUE">String</attrtype><attwidth Sync="TRUE">50</attwidth><atprecis Sync="TRUE">0</atprecis><attscale Sync="TRUE">0</attscale></attr><attr><attrlabl Sync="TRUE">EXCEPTION_IND</attrlabl><attalias Sync="TRUE">Exception Indicator</attalias><attrtype Sync="TRUE">String</attrtype><attwidth Sync="TRUE">1</attwidth><atprecis Sync="TRUE">0</atprecis><attscale Sync="TRUE">0</attscale></attr><attr><attrlabl Sync="TRUE">LAST_UPD_USRID_NUM</attrlabl><attalias Sync="TRUE">Last Update User ID</attalias><attrtype Sync="TRUE">String</attrtype><attwidth Sync="TRUE">8</attwidth><atprecis Sync="TRUE">0</atprecis><attscale Sync="TRUE">0</attscale></attr><attr><attrlabl Sync="TRUE">LAST_UPD_DTTM</attrlabl><attalias Sync="TRUE">Last Update Date</attalias><attrtype Sync="TRUE">Date</attrtype><attwidth Sync="TRUE">36</attwidth><atprecis Sync="TRUE">0</atprecis><attscale Sync="TRUE">0</attscale></attr><attr><attrlabl Sync="TRUE">CRT_USRID_NUM</attrlabl><attalias Sync="TRUE">Create User ID</attalias><attrtype Sync="TRUE">String</attrtype><attwidth Sync="TRUE">8</attwidth><atprecis Sync="TRUE">0</atprecis><attscale Sync="TRUE">0</attscale></attr><attr><attrlabl Sync="TRUE">CRT_DTTM</attrlabl><attalias Sync="TRUE">Create Date</attalias><attrtype Sync="TRUE">Date</attrtype><attwidth Sync="TRUE">36</attwidth><atprecis Sync="TRUE">0</atprecis><attscale Sync="TRUE">0</attscale></attr><attr><attrlabl Sync="TRUE">REMARKS</attrlabl><attalias Sync="TRUE">Remarks</attalias><attrtype Sync="TRUE">String</attrtype><attwidth Sync="TRUE">200</attwidth><atprecis Sync="TRUE">0</atprecis><attscale Sync="TRUE">0</attscale></attr><attr><attrlabl Sync="TRUE">LIFT_IND</attrlabl><attalias Sync="TRUE">Lift Indicator</attalias><attrtype Sync="TRUE">String</attrtype><attwidth Sync="TRUE">4</attwidth><atprecis Sync="TRUE">0</atprecis><attscale Sync="TRUE">0</attscale></attr><attr><attrlabl Sync="TRUE">SHAPE.AREA</attrlabl><attalias Sync="TRUE">SHAPE.AREA</attalias><attrtype Sync="TRUE">Double</attrtype><attwidth Sync="TRUE">0</attwidth><atprecis Sync="TRUE">0</atprecis><attscale Sync="TRUE">0</attscale></attr><attr><attrlabl Sync="TRUE">SHAPE.LEN</attrlabl><attalias Sync="TRUE">SHAPE.LEN</attalias><attrtype Sync="TRUE">Double</attrtype><attwidth Sync="TRUE">0</attwidth><atprecis Sync="TRUE">0</atprecis><attscale Sync="TRUE">0</attscale></attr></detailed></eainfo><mdDateSt Sync="TRUE">20140916</mdDateSt><dataqual><lineage><procstep><procdesc Sync="TRUE">Dataset copied.</procdesc><srcused Sync="TRUE">Server=HUPA19; Service=5181; User=GDM; Version=SDE.DEFAULT</srcused><procdate Sync="TRUE">20161216</procdate><proctime Sync="TRUE">11143400</proctime></procstep></lineage></dataqual></metadata>
