<?xml version="1.0"?>
<!--<!DOCTYPE metadata SYSTEM "http://www.esri.com/metadata/esriprof80.dtd">-->
<metadata xml:lang="en"><Esri><CreaDate>20161216</CreaDate><CreaTime>11144600</CreaTime><SyncOnce>TRUE</SyncOnce><DataProperties><lineage><Process ToolSource="D:\ArcGIS\ArcToolbox\Toolboxes\Data Management Tools.tbx\AddField" Date="20140801" Time="195641">AddField D:\Data\GDMPDN4.sde\GDM.LTALayers\GDM.TaxiStop REMARKS TEXT # # 200 Remarks NULLABLE NON_REQUIRED # D:\Data\GDMPDN4.sde\GDM.LTALayers\GDM.TaxiStop</Process></lineage></DataProperties><MetaID>{3C353182-6923-4A6C-B914-2FA5BA2DFD7B}</MetaID></Esri><idinfo><citation><citeinfo><onlink Sync="TRUE"></onlink></citeinfo></citation></idinfo><distInfo><distributor><distorTran><onLineSrc><linkage Sync="TRUE">file://</linkage><protocol Sync="TRUE">Local Area Network</protocol></onLineSrc></distorTran></distributor></distInfo><dataqual><lineage><procstep><procdesc Sync="TRUE">Dataset copied.</procdesc><srcused Sync="TRUE">Server=HUPA19; Service=5181; User=GDM; Version=SDE.DEFAULT</srcused><procdate Sync="TRUE">20161216</procdate><proctime Sync="TRUE">11144600</proctime></procstep></lineage></dataqual></metadata>
